{
    "rs": {
        "pandemia": {
            "equity": 1564552895.9999998,
            "livre": 2969294480.9800005,
            "sfh": 23918670143.38,
            "comercial": 110995856.36,
            "fgts": 7850636181.23
        },
        "pre_pandemia": {
            "comercial": 191940828.85,
            "fgts": 18262065795.79,
            "equity": 1363031339.4499996,
            "livre": 3706058782.059999,
            "sfh": 17522767414.050003
        },
        "pos_pandemia": {
            "comercial": 94614089.50999999,
            "fgts": 10631455903.380001,
            "equity": 864160003.29,
            "livre": 2290748366.0900006,
            "sfh": 10933516267.610004
        }
    },
    "sc": {
        "pandemia": {
            "equity": 938823576.0300002,
            "livre": 2203052419.0,
            "sfh": 18288714974.92,
            "comercial": 44447553.28,
            "fgts": 4951939815.79
        },
        "pre_pandemia": {
            "comercial": 64683746.589999996,
            "fgts": 13556976746.590006,
            "equity": 764518772.4100002,
            "livre": 2119059666.3300006,
            "sfh": 11149263850.779995
        },
        "pos_pandemia": {
            "comercial": 50550142.44,
            "fgts": 6310236072.320002,
            "equity": 812496077.6,
            "livre": 2104566819.73,
            "sfh": 9951155776.560001
        }
    },
    "se": {
        "pandemia": {
            "equity": 75269303.26,
            "livre": 125953763.43999998,
            "sfh": 2142253021.4000003,
            "fgts": 1474415799.46,
            "comercial": 3447904.52
        },
        "pre_pandemia": {
            "fgts": 2970952084.57,
            "equity": 81508931.91999999,
            "sfh": 2352112345.380001,
            "livre": 400805829.1000001,
            "comercial": 9312314.19
        },
        "pos_pandemia": {
            "fgts": 1730620482.41,
            "equity": 59598283.59,
            "livre": 172875164.42999998,
            "sfh": 1076960106.23,
            "comercial": 1752100.0
        }
    },
    "sp": {
        "pandemia": {
            "equity": 6969501192.58,
            "livre": 29287246496.819992,
            "sfh": 135915116677.63,
            "comercial": 898593038.21,
            "fgts": 47503289792.700005
        },
        "pre_pandemia": {
            "comercial": 1618457244.7400002,
            "fgts": 77255048540.82999,
            "equity": 6655636295.889999,
            "livre": 30161257711.47,
            "sfh": 97238213821.72
        },
        "pos_pandemia": {
            "comercial": 853235319.7599998,
            "fgts": 53711878056.63999,
            "equity": 6015895531.63,
            "livre": 20659853522.089996,
            "sfh": 64828567701.75
        }
    },
    "to": {
        "pandemia": {
            "equity": 56342889.91000001,
            "livre": 123737865.48999998,
            "sfh": 1612798867.0700002,
            "comercial": 3941001.39,
            "fgts": 488024604.3600002
        },
        "pre_pandemia": {
            "fgts": 1090178733.33,
            "equity": 103023042.01000004,
            "sfh": 1129707008.9100003,
            "livre": 171476189.35,
            "comercial": 4482033.15
        },
        "pos_pandemia": {
            "fgts": 536577053.40000004,
            "equity": 66746930.93000001,
            "livre": 181413206.04999998,
            "sfh": 872200620.77,
            "comercial": 3426960.0
        }
    },
    "ac": {
        "pandemia": {
            "livre": 68235377.97,
            "sfh": 569207124.25,
            "fgts": 50378429.40999999,
            "equity": 17184613.630000003,
            "comercial": 728600.0
        },
        "pre_pandemia": {
            "fgts": 136597533.85,
            "equity": 14337905.09,
            "sfh": 400289141.74999994,
            "livre": 60755958.360000014,
            "comercial": 827772.3600000001
        },
        "pos_pandemia": {
            "fgts": 86617534.42000002,
            "equity": 17349802.43,
            "livre": 61436536.87999999,
            "sfh": 284754019.77000004,
            "comercial": 1000657.89
        }
    },
    "al": {
        "pandemia": {
            "livre": 193523818.09000003,
            "sfh": 2004390515.26,
            "fgts": 1160277207.6100001,
            "equity": 61653666.27,
            "comercial": 6998359.880000002
        },
        "pre_pandemia": {
            "fgts": 2912477551.1499996,
            "equity": 59339227.339999996,
            "livre": 242337043.86999997,
            "sfh": 1722490222.9499996,
            "comercial": 7639411.81
        },
        "pos_pandemia": {
            "comercial": 7407290.6,
            "fgts": 1663756138.1899998,
            "equity": 48920115.58,
            "livre": 195783056.23999998,
            "sfh": 996922886.5800002
        }
    },
    "am": {
        "pandemia": {
            "livre": 354287962.8099999,
            "sfh": 3058397712.809999,
            "comercial": 36806688.36,
            "fgts": 934425325.03,
            "equity": 59284602.16
        },
        "pre_pandemia": {
            "fgts": 1191941048.0100007,
            "equity": 68326061.13999999,
            "livre": 720823182.54,
            "sfh": 2692288648.6699996,
            "comercial": 23874407.240000002
        },
        "pos_pandemia": {
            "comercial": 13786029.25,
            "fgts": 1104229585.6399999,
            "equity": 44335849.480000004,
            "livre": 267578189.56999996,
            "sfh": 1590911982.1899998
        }
    },
    "ba": {
        "pandemia": {
            "livre": 1068420628.6500003,
            "sfh": 9620674946.939997,
            "comercial": 41895943.81000002,
            "fgts": 4299185564.039999,
            "equity": 347781973.28
        },
        "pre_pandemia": {
            "comercial": 88399012.06000002,
            "fgts": 9166761672.810001,
            "equity": 336716717.53999996,
            "livre": 2132224280.2999995,
            "sfh": 8768974630.639997
        },
        "pos_pandemia": {
            "comercial": 47216743.489999995,
            "fgts": 5145663580.12,
            "equity": 428078335.69,
            "livre": 958846903.8499999,
            "sfh": 5091540840.33
        }
    },
    "ce": {
        "pandemia": {
            "livre": 587513195.4499999,
            "sfh": 6527905002.990002,
            "comercial": 28950799.409999996,
            "fgts": 3544603487.0600004,
            "equity": 169485780.76999998
        },
        "pre_pandemia": {
            "fgts": 6137129075.580002,
            "equity": 140463628.87,
            "livre": 1675021377.27,
            "sfh": 5279759299.179999,
            "comercial": 57221764.449999996
        },
        "pos_pandemia": {
            "comercial": 19787820.369999997,
            "fgts": 4364035606.62,
            "equity": 174109807.14999998,
            "livre": 660147587.8,
            "sfh": 3319357110.31
        }
    },
    "df": {
        "pandemia": {
            "livre": 3540025778.8800006,
            "sfh": 10255545373.899998,
            "comercial": 154003291.68,
            "fgts": 3035366500.0299997,
            "equity": 315085239.42999995
        },
        "pre_pandemia": {
            "comercial": 149605175.16,
            "fgts": 6408348119.849996,
            "equity": 386415782.37,
            "livre": 3365072934.330001,
            "sfh": 8123106347.020001
        },
        "pos_pandemia": {
            "comercial": 75652326.66999999,
            "fgts": 2948785696.68,
            "equity": 299524231.74999994,
            "livre": 1879250898.2000003,
            "sfh": 4082556675.9599996
        }
    },
    "es": {
        "pandemia": {
            "livre": 755990938.6899999,
            "sfh": 4984047859.42,
            "comercial": 22235086.33,
            "fgts": 1172362356.6200004,
            "equity": 163668818.49
        },